title,year_release,subject,type_of_subject,subject_race,person_of_color,subject_sex
21,2008,Jeff Ma,Other,Asian,Yes,Male
42,2013,Jackie Robinson,Athlete,Black,Yes,Male
1987,2014,Ricardo Trogi,Other,White,No,Male
12 Years a Slave,2013,Solomon Northup,Other,Black,Yes,Male
24 Hour Party People,2002,Tony Wilson,Musician,White,No,Male
A Dangerous Method,2011,Carl Gustav Jung,Academic,White,No,Male
A Dangerous Method,2011,Sigmund Freud,Academic,White,No,Male
A Dangerous Method,2011,Sabina Spielrein,Academic,White,No,Female
A Man Called Peter,1955,Peter Marshall,Other,White,No,Male
A Man for All Seasons,1966,Thomas More,Historical,White,No,Male
A Matadors Mistress,2008,Lupe Sino,Actress ,Hispanic,No,Female
A Matadors Mistress,2008,Manuel Rodriguez Sanchez,Athlete,Hispanic,No,Male
A Mighty Heart,2007,Mariane Pearl,Journalist,Mutliracial,Yes,Female
A Mighty Heart,2007,Daniel Pearl,Journalist,White,No,Male
A Song to Remember,1945,Frederic Chopin,Musician,White,No,Male
Abe Lincoln in Illinois,1940,Abraham Lincoln,Government,White,No,Male
Abraham Lincoln,1930,Abraham Lincoln,Government,White,No,Male
Al Capone,1959,Al Capone,Criminal,White,No,Male
Alexander,2004,Alexander the Great,Historical,White,No,Male
Alexander the Great,1956,Alexander the Great,Historical,White,No,Male
Ali,2001,Muhammad Ali,Athlete,Black,Yes,Male
Amadeus,1984,Antonio Salieri,Musician,White,No,Male
Amadeus,1984,Wolfgang Amadeus Mozart,Musician,White,No,Male
Amazing Grace,2006,William Wilberforce,Other,White,No,Male
Amelia,2009,Amelia Earhart,Other,White,No,Female
American Gangster,2007,Frank Lucas,Criminal,Black,Yes,Male
American Me,1992,Rodolfo Cadena,Criminal,Hispanic,Yes,Male
American Splendor,2003,Harvey Pekar,Comedian,White,No,Male
An American Crime,2007,Gertrude Baniszewski,Criminal,White,No,Female
An Angel at My Table,1990,Janet Frame,Author,White,No,Female
Anastasia,1956,Anna Anderson,Other,White,No,Female
Anna and the King of Siam,1946,Anna Leonowens,Other,Mutliracial,No,Female
Annie Get Your Gun,1950,Annie Oakley,Athlete,White,No,Female
Annie Oakley,1935,Annie Oakley,Athlete,White,No,Female
Antwone Fisher,2002,Antwone Fisher,Military,Black,Yes,Male
Auto Focus,2002,Robert Edward Crane,Actor,White,No,Male
Awakenings,1990,Oliver Sacks,Medicine,White,No,Male
Baadasssss,2003,Melvin Van Peebles,Actor,Black,Yes,Male
Baader,2002,Andreas Baader,Military,White,No,Male
Backbeat,1994,John Lennon,Musician,White,No,Male
Backbeat,1994,Stuart Sutcliffe,Musician,White,No,Male
Bandit Queen,1994,Phoolan Devi ,Criminal,Asian,Yes,Female
Barabbas,1961,Barabbas,Historical,White,No,Male
Basquiat,1996,Jean Michel Basquiat,Artist,Mutliracial,Yes,Male
Bathory  Countess of Blood,2008,Elizabeth Bathory,Criminal,White,No,Female
Beau Brummell,1954,George Brummell,Other,White,No,Male
Becket,1964,King Henry II,Historical,White,No,Male
Becket,1964,Thomas Becket,Historical,White,No,Male
Becoming Jane,2007,Jane Austen,Author,White,No,Female
Before Night Falls,2000,Reinaldo Arenas,Activist,Hispanic,Yes,Male
Behind the Lines,1997,Siegfried Loraine Sassoon,Military,Mutliracial,No,Male
Bernard and Doris,2006,Bernard Lafferty,Other,White,No,Male
Bernard and Doris,2006,Doris Duke,Other,White,No,Female
Best,2000,George Best,Athlete,White,No,Male
Beyond the Sea,2004,Bobby Darin ,Musician,White,No,Male
Big Eyes,2014,Margaret Keane,Artist,White,No,Female
Billy the Kid,1941,Billy the Kid,Criminal,White,No,Male
Bird,1988,Charlie Bird Parker,Musician,Mutliracial,Yes,Male
Blaze,1989,Earl Long,Government,White,No,Male
Blow,2001,George Jung,Criminal,White,No,Male
Blue Caprice,2013,John Allen Muhammad,Criminal,Black,Yes,Male
Bound for Glory,1976,Woody Guthrie,Singer,White,No,Male
Boys Town,1938,Father Edward Flanagan,Other,White,No,Male
Braveheart,1995,William Wallace,Military,White,No,Male
Breach,2007,Robert Hanssen,Criminal,White,No,Male
Brigham Young,1940,Brigham Young,Other,White,No,Male
Bright Star,2009,John Keats,Author,White,No,Male
Brother Sun Sister Moon,1972,St Francis of Assisi ,Historical,White,No,Male
Buffalo Bill,1944,William Cody,Other,White,No,Male
Bugsy,1991,Ben Bugsy Siegel,Criminal,White,No,Male
Butch Cassidy and the Sundance Kid,1969,Butch Cassidy ,Criminal,White,No,Male
Butch Cassidy and the Sundance Kid,1969,Harry Longabaugh,Criminal,White,No,Male
Cadillac Records,2008,Muddy Water,Musician,Black,Yes,Male
Cadillac Records,2008,Leonard Chess,Musician,White,No,Male
Cadillac Records,2008,Etta James,Singer,Black,Yes,Female
Caesar and Cleopatra,1945,Cleopatra,Historical,Middle Eastern,Yes,Female
Caesar and Cleopatra,1945,Julius Caesar,Historical,White,No,Male
Callas Forever,2002,Maria Callas,Singer,White,No,Female
Capone,1975,Al Capone,Criminal,White,No,Male
Captain Kidd,1945,William Kidd,Historical,White,No,Male
Caravaggio,1986,Michelangelo Merisi de Caravaggio,Artist,White,No,Male
Carrington,1995,Dora Carrington,Artist,White,No,Female
Carrington,1995,Lytton Strachey,Author,White,No,Male
Carve Her Name with Pride,1958,Violette Bushell Szabo,Military,White,No,Female
Cass,2008,Cass Pennant,Other,Black,Yes,Male
Catch a Fire,2006,Patrick Chamusso,Activist,Asian,Yes,Male
Cesar Chavez,2014,Cesar Chavez,Activist,Hispanic,Yes,Male
Chaplin,1992,Charles Spencer Chaplin,Comedian,White,No,Male
Che,1969,Che Guevara,Activist,Hispanic,No,Male
Che  Part One,2008,Che Guevara,Activist,Hispanic,No,Male
Che  Part Two,2008,Che Guevara,Activist,Hispanic,No,Male
Christopher Columbus  The Discovery,1992,Christopher Columbus,Other,White,No,Male
Ciao Manhattan,1972,Edie Sedgwick,Actress,White,No,Female
Cinderella Man,2005,James Braddock,Athlete,White,No,Male
Cleopatra,1934,Cleopatra,Historical,Middle Eastern,Yes,Female
Cleopatra,1963,Cleopatra,Historical,Middle Eastern,Yes,Female
Coal Miners Daughter,1980,Loretta Lynn,Singer,Mutliracial,Yes,Female
Cobb,1994,Ty Cobb ,Athlete,White,No,Male
Compulsion,1959,Nathan Leopold Jr,Criminal,White,No,Male
Compulsion,1959,Richard Loeb,Criminal,White,No,Male
Copying Beethoven,2006,Ludwig van Beethoven,Musician,White,No,Male
Counterpunch,2013,Alvaro Orlando,Athlete,Hispanic,Yes,Male
Cromwell,1970,Oliver Cromwell ,Historical,White,No,Male
Cry Freedom,1987,Steve Biko,Activist,Black,Yes,Male
Custer of the West,1967,George Armstrong Custer,Military,White,No,Male
Dahmer,2002,Jeffrey Dahmer ,Criminal,White,No,Male
Dangerous Beauty,1998,Veronica Franco,Other,White,No,Female
Dangerous Minds,1995,Louanne Johnson,Teacher,White,No,Female
Death in Granada,1996,Garcia Lorca,Author,Hispanic,No,Male
DeLovely,2004,Cole Porter,Musician,White,No,Male
Desert Dancer,2014,Afshin Ghaffarian,Artist,Middle Eastern,Yes,Male
Desert Flower,2009,Waris Dirie,Activist,Black,Yes,Female
Desiree,1954,Desiree Clary,Historical,White,No,Female
Desiree,1954,Napoleon Bonaparte,Historical,White,No,Male
Devotion,1946,Charlotte Bronte,Author,White,No,Female
Devotion,1946,Emily Bronte,Author,White,No,Female
Devotion,1946,Anne Bronte,Author,White,No,Female
Diana,2013,Princess Diana,Other,White,No,Female
Dillinger,1945,John Dillinger,Criminal,White,No,Male
Disraeli,1929,Benjamin Disraeli,Government,White,No,Male
Domino,2005,Domino Harvey,Other,White,No,Female
Donnie Brasco,1997,Joe Pistone ,Government,White,No,Male
Downtown 81,1981,JeanMichel Basquiat,Artist,Mutliracial,Yes,Male
Dr Ehrlichs Magic Bullet,1940,Paul Ehrlich,Medicine,White,No,Male
Dragon  The Bruce Lee Story,1993,Bruce Lee,Athlete,Asian,Yes,Male
Edison the Man,1940,Thomas Edison,Academic,White,No,Male
Eichmann,2007,Adolf Eichmann,Military,White,No,Male
El cantante,2006,Hector Lavoe,Musician,Hispanic,Yes,Male
El Cid,1961,Rodrigo Diaz,Historical,Hispanic,No,Male
Elizabeth,1998,Elizabeth I of England ,Historical,White,No,Female
Elizabeth The Golden Age,2007,Elizabeth I of England ,Historical,White,No,Female
Evel Knievel,1971,Evel Knievel,Athlete,White,No,Male
Evita,1996,Eva Peron,Actress,Hispanic,No,Female
Exodus  Gods and Kings,2014,Moses,Historical,Middle Eastern,No,Male
Factory Girl,2006,Edie Sedgwick,Actress,White,No,Female
Fair Game,2010,Valerie Plame,Government,White,No,Female
Fat Man and Little Boy,1989,Robert Oppenheimer,Academic,White,No,Male
Fat Man and Little Boy,1989,Leslie Groves,Military,White,No,Male
Fellinis Casanova,1976,Giacomo Casanova,Historical,White,No,Male
Find Me Guilty,2006,Jackie DiNorscio ,Criminal,White,No,Male
Finding Graceland,1998,Elvis Presley,Musician,White,No,Male
Finding Neverland,2004,JM Barrie,Author,White,No,Male
Foxcatcher,2014,Mark Schultz ,Athlete,White,No,Male
Frances,1982,Frances Farmer,Actress,White,No,Female
Francis of Assisi,1961,Francis Bernardone,Historical,White,No,Male
Frank and Jesse,1995,Frank James,Criminal,White,No,Male
Frank and Jesse,1995,Jesse James,Criminal,White,No,Male
Frankie and Alice,2010,Frankie Murdoch,Other,Black,Yes,Female
Freedom Writers,2007,Erin Gruwell,Other,White,No,Female
Freud,1962,Sigmund Freud,Academic,White,No,Male
Frida,2002,Frida Kahlo,Artist,Hispanic,Yes,Female
Fruitvale Station,2013,Oscar Grant III,Other,Black,Yes,Male
Funny Girl,1968,Fanny Brice,Actress,White,No,Female
Fur An Imaginary Portrait of Diane Arbus,2006,Diane Arbus,Other,White,No,Female
Gandhi,1982,Mahatma Gandhi,Activist,Asian,Yes,Male
Gentleman Jim,1942,James J Corbett,Athlete,White,No,Male
Geronimo,1962,Geronimo,Military,Native American,Yes,Male
Get on Up,2014,James Brown,Singer,Black,Yes,Male
Get Rich or Die Tryin,2005,Curtis 50 Cent Jackson,Singer,Black,Yes,Male
Girl with a Pearl Earring,2003,Johannes Vermeer,Artist,White,No,Male
Gods and Monsters,1998,James Whale,Other,White,No,Male
Goltzius and the Pelican Company,2012,Hendrik Goltzius,Artist,White,No,Male
Goodfellas,1990,Henry Hill,Criminal,White,No,Male
Goyas Ghosts,2006,Francisco Goya,Artist,Hispanic,No,Male
Grace of Monaco,2014,Grace Kelly,Actress,White,No,Male
Gracie,2007,Elisabeth Shue,Athlete,White,No,Female
Greased Lightning,1977,Wendell Scott,Athlete,Black,Yes,Male
Grey Owl,1999,Archibald Belaney,Other,Mutliracial,Yes,Male
Gypsy,1962,Gypsy Rose Lee,Artist,White,No,Female
Gypsy,1962,Rose Thompson Hovick,Other,White,No,Female
Hans Christian Andersen,1952,Hans Christian Andersen,Author,White,No,Male
Harlow,1965,Jean Harlow,Actress,White,No,Female
Heart Like a Wheel,1983,Shirley Muldowney,Athlete,White,No,Female
Heaven and Earth,1993,Le Ly Hayslip,Other,Asian,Yes,Female
Hell to Eternity,1960,Guy Gabaldon,Military,Hispanic,Yes,Male
Henry and June,1990,Henry Miller,Author,White,No,Male
Henry and June,1990,Anais Nin,Author,White,No,Female
Henry and June,1990,June Miller,Other,White,No,Female
Henry V,1944,Henry V of England,Historical,White,No,Male
Henry V,1989,Henry V of England,Historical,White,No,Male
High Roller The Stu Ungar Story,2003,Stu Ungar,Other,White,No,Male
Hilary and Jackie,1998,Jacqueline du Pre,Musician,White,No,Female
Hilary and Jackie,1998,Hilary du Pre,Musician,White,No,Female
His Majesty OKeefe,1954,David Dion OKeefe,Other,White,No,Male
Hitchcock,2012,Alfred Hitchcock,Other,White,No,Male
Hitchcock,2012,Alma Reville,Other,White,No,Female
Hitler  A Film from Germany,1977,Adolf Hitler,Military,White,No,Male
Hitler  The Last Ten Days,1973,Adolf Hitler,Military,White,No,Male
Hoffa,1992,Jimmy Hoffa,Activist,White,No,Male
Houdini,1953,Harry Houdini,Other,White,No,Male
Howl,2010,Allen Ginsberg,Author,White,No,Male
Hunger,2008,Bobby Sands,Activist,White,No,Male
Hyde Park on Hudson,2012,Franklin Delano Roosevelt,Government,White,No,Male
I Am a Sex Addict,2005,Caveh Zahedi,Actor,Middle Eastern,Yes,Male
I Shot Andy Warhol,1996,Valerie Solanas,Activist,Hispanic,No,Female
If You Could See What I Hear,1982,Tom Sullivan,Singer,White,No,Male
Ill Cry Tomorrow,1955,Lillian Roth,Actress,White,No,Female
Ill See You in My Dreams,1951,Gus Kahn,Musician,White,No,Male
Im Not There,2007,Bob Dylan,Musician,White,No,Male
Immortal Beloved,1994,Ludwig van Beethoven,Musician,White,No,Male
Impromptu,1991,Frederic Chopin,Musician,White,No,Male
Impromptu,1991,George Sand,Other,White,No,Female
In Love and War,1996,Ernest Hemingway,Media,White,No,Male
In Love and War,1996,Agnes von Kurowsky,Other,White,No,Female
In the Name of the Father,1993,Gerry Conlon,Other,White,No,Male
Interrupted Melody,1955,Marjorie Lawrence,Singer,White,No,Female
Invictus,2009,Francois Pienaar,Athlete,White,No,Male
Invictus,2009,Nelson Mandela,Government,Black,Yes,Male
Iris,2001,Iris Murdoch,Author,White,No,Female
Isnt She Great,2000,Jacqueline Susann,Author,White,No,Female
iSteve,2013,Steve Jobs,Other,Mutliracial,Yes,Male
J Edgar,2011,J Edgar Hoover,Government,White,No,Male
Jappeloup,2013, Pierre Durand Jr,Athlete,White,No,Male
Jean Charles,2009,Jean Charles de Menezes,Other,White,No,Male
Jefferson in Paris,1995,Thomas Jefferson,Historical,White,No,Male
Jersey Boys,2014,Bob Gaudio,Musician,White,No,Male
Jersey Boys,2014,Frankie Valli,Musician,White,No,Male
Jersey Boys,2014,Nick Massi,Musician,White,No,Male
Jersey Boys,2014,Tommy DeVito,Musician,White,No,Male
Jesse James,1939,Jesse James,Criminal,White,No,Male
Jim Thorpe  AllAmerican,1951,Jim Thorpe,Athlete,Native American,Yes,Male
Jimi  All Is by My Side,2013,Jimi Hendrix,Musician,Mutliracial,Yes,Male
Jinnah,1998,Mohammad Ali Jinnah,Other,Middle Eastern,Yes,Male
Jo Jo Dancer Your Life Is Calling,1986,Richard Pryor,Comedian,Black,Yes,Male
Joan of Arc,1948,Joan of Arc ,Historical,White,No,Female
Jobs,2013,Steve Jobs,Other,Mutliracial,Yes,Male
John Paul Jones,1959,John Paul Jones,Military,White,No,Male
Juarez,1939,Benito Juarez,Government,Hispanic,Yes,Male
Kill the Irishman,2011,Danny Greene,Criminal,White,No,Male
Kill Your Darlings,2013,Allen Ginsberg ,Author,White,No,Male
Killer  A Journal of Murder,1995,Carl Panzram,Criminal,White,No,Male
King David,1985,David,Historical,Middle Eastern,No,Male
King of Kings,1961,Jesus,Historical,Middle Eastern,No,Male
Kinsey,2004,Alfred Kinsey,Academic,White,No,Male
Klimt,2006,Gustav Klimt,Artist,White,No,Male
Knute Rockne All American,1940,Knute Rockne,Athlete,White,No,Male
Korczak,1990,Janusz Korczak,Other,White,No,Male
Kundun,1997,Dalai Lama ,Activist,Asian,Yes,Male
La Bamba,1987,Ritchie Valens,Musician,Hispanic,Yes,Male
La Vie en Rose,2007,Edith Piaf,Singer,White,No,Female
Lady Sings the Blues,1972,Billie Holiday,Musician,Black,Yes,Female
Last Days,2005,Kurt Cobain,Musician,White,No,Male
Lawrence of Arabia,1962,Thomas Edward Lawrence,Military,White,No,Male
Lee Daniels The Butler,2013,Cecil Gaines,Other,Black,Yes,Male
Lenny,1974,Lenny Bruce,Comedian,White,No,Male
Lincoln,2012,Abraham Lincoln,Government,White,No,Male
Lion of the Desert,1981,Omar Mukhtar,Activist,Middle Eastern,Yes,Male
Lisztomania,1975,Franz Liszt,Musician,White,No,Male
Little Ashes,2008,Salvador Dali,Artist,Mutliracial,Yes,Male
Lords of Dogtown,2005,Tony Alva,Athlete,Hispanic,Yes,Male
Louis Cyr,2013,Louis Cyr,Athlete,White,No,Male
Love and Mercy,2014,Brian Wilson,Musician,White,No,Male
Love Is a ManySplendored Thing,1955,Han Suyin,Other,Asian,Yes,Female
Love Is the Devil  Study for a Portrait of Francis Bacon,1998,Francis Bacon,Artist,White,No,Male
Lovelace,2013,Linda Lovelace,Actress,White,No,Female
Low Down,2014,Joe Albany,Musician,White,No,Male
Lucky Luciano,1973,Charles Luciano,Criminal,White,No,Male
Lust for Life,1956,Vincent van Gogh,Artist,White,No,Male
Luther,2003,Martin Luther,Historical,White,No,Male
MacArthur,1977,Douglas MacArthur,Military,White,No,Male
Machine Gun Preacher,2011,Sam Childers,Other,White,No,Male
Madame Curie,1943,Pierre Curie,Academic,White,No,Male
Madame Curie,1943,Marie Curie,Academic,White,No,Female
Mahler,1974,Gustav Mahler,Musician,White,No,Male
Malcolm X,1992,Malcolm X,Activist,Black,Yes,Male
Man of a Thousand Faces,1957,Lon Chaney,Actor,White,No,Male
Mandela  Long Walk to Freedom,2013,Nelson Mandela,Government,Black,Yes,Male
Marie Antoinette,1938,Marie Antoinette,Historical,White,No,Female
Marie Antoinette,2006,Marie Antoinette,Historical,White,No,Female
Mary of Scotland,1936,Mary Stuart Queen of Scots,Historical,White,No,Female
Mary Queen of Scots,1971,Mary Stuart Queen of Scots,Historical,White,No,Female
Mask,1985,Roy Lee Rocky Dennis,Other,White,No,Male
Meetings with Remarkable Men,1979,GI Gurdjieff ,Other,White,No,Male
Men of Honor,2000,Carl Brashear,Athlete,Black,Yes,Male
Mesmer,1994,Franz Anton Mesmer,Medicine,White,No,Male
Mesrine Part 1  Killer Instinct,2008,Jacques Mesrine,Criminal,White,No,Male
Mesrine Part 2  Public Enemy 1,2008,Jacques Mesrine,Criminal,White,No,Male
Michael Collins,1996,Michael Collins,Activist,White,No,Male
Milk,2008,Harvey Milk,Activist,White,No,Male
Million Dollar Arm,2014,J B Bernstein,Athlete,White,No,Male
Million Dollar Mermaid,1952,Annette Kellerman,Athlete,White,No,Female
Mishima A Life in Four Chapters,1985,Yukio Mishima,Author,Asian,Yes,Male
Miss Potter,2006,Beatrix Potter,Author,White,No,Female
Modigliani,2004,Amedeo Modigliani,Artist,White,No,Male
Mommie Dearest,1981,Joan Crawford,Actress,White,No,Female
Moneyball,2011,Billy Beane,Athlete,White,No,Male
Monsieur N,2003,Napoleon Bonaparte,Historical,White,No,Male
Mr Turner,2014,JMW Turner,Artist,White,No,Male
Mrs Brown,1997,Victoria,Historical,White,No,Female
Mrs Parker and the Vicious Circle,1994,Dorothy Parker,Author,White,No,Female
Muhammad  The Last Prophet,2002,Muhammad,Historical,Middle Eastern,Yes,Male
Music Within,2007,Richard Pimentel,Activist,Mutliracial,Yes,Male
My Dinner with Andre,1981,Andre Gregory,Actor,White,No,Male
My Dinner with Andre,1981,Wallace Shawn,Actor,White,No,Male
My Left Foot,1989,Christy Brown,Artist,White,No,Male
My Life So Far,1999,Denis Forman,Other,White,No,Male
My One and Only,2009,George Hamilton,Other,White,No,Male
Ned Kelly,2003,Ned Kelly,Criminal,White,No,Male
Nicholas and Alexandra,1971,Tsarina Alexandra,Historical,White,No,Female
Nicholas and Alexandra,1971,Tsar Nicholas II,Historical,White,No,Male
Nightwatching,2007,Rembrandt,Artist,White,No,Male
Nixon,1995,Richard Milhous Nixon,Government,White,No,Male
Nora,2000,James Joyce,Author,White,No,Male
Notorious,2009,Christopher Wallace,Musician,Black,Yes,Male
Nowhere Boy,2009,John Lennon,Musician,White,No,Male
October Sky,1999,Homer Hickam,Other,Mutliracial,Yes,Male
One Foot in Heaven,1941,William Spence,Other,White,No,Male
One Night with the King,2006,Hadassah,Historical,Middle Eastern,No,Female
Out of Africa,1985,Karen Blixen,Other,White,No,Female
Papillon,1973,Henri Papillon Charriere,Criminal,White,No,Male
Patton,1970,George Patton,Military,White,No,Male
Patty Hearst,1988,Patty Hearst,Other,White,No,Female
Permanent Midnight,1998,Jerry Stahl,Comedian,White,No,Male
Persepolis,2007,Marjane Satrapi,Activist,Middle Eastern,Yes,Female
Phantom Punch,2008,Sonny Liston,Athlete,Black,Yes,Male
Philomena,2013,Philomena Lee,Other,White,No,Female
Pierrepoint  The Last Hangman,2005,Albert Pierrepoint,Other,White,No,Male
Pinero,2001,Miguel Pinero,Actor,Hispanic,Yes,Male
Pollock,2000,Jackson Pollock,Artist,White,No,Male
Prefontaine,1997,Steve Prefontaine,Athlete,White,No,Male
Pride of the Marines,1945,Al Schmid,Military,White,No,Male
Private Parts,1997,Howard Stern,Media,White,No,Male
PT 109,1963,John F Kennedy,Military,White,No,Male
Queen Christina,1933,Christina queen of Sweden,Historical,White,No,Female
Quills,2000,Marquis de Sade,Criminal,White,No,Male
Quo Vadis,1951,Lygia,Historical,White,No,Female
Quo Vadis,1951,Marcus Vinicius,Historical,White,No,Male
Radio,2003,James Robert Kennedy,Athlete,Black,Yes,Male
Ragamuffin,2014,Rich Mullins,Singer,White,No,Male
Raging Bull,1980,Jake LaMotta,Athlete,White,No,Male
Rasputin  The Mad Monk,1966,Grigori Rasputin,Other,White,No,Male
Ray,2004,Ray Charles,Musician,Black,Yes,Male
Reds,1981,John Reed,Media,White,No,Male
Regeneration,1915,Owen Kildare,Other,White,No,Male
Rembrandt,1936,Rembrandt,Artist,White,No,Male
Remember the Titans,2000,Herman Boone,Athlete,Black,Yes,Male
Rescue Dawn,2006,Dieter Dengler,Military,White,No,Male
Restoration,1995,Charles II,Historical,White,No,Male
Reversal of Fortune,1990,Claus von Bulow,Other,White,No,Male
Reversal of Fortune,1990,Sunny von Bulow,Other,White,No,Female
Rhapsody in Blue,1945,George Gershwin,Musician,White,No,Male
Richard III,1955,Richard III of England,Historical,White,No,Male
Rob Roy,1995,Robert Roy MacGregor ,Other,White,No,Male
Romero,1989,Oscar Romero,Other,Hispanic,No,Male
Rosewater,2014,Maziar Bahari,Media,Middle Eastern,Yes,Male
Rush,2013,James Hunt,Athlete,White,No,Male
Rush,2013,Niki Lauda,Athlete,White,No,Male
Saint Joan,1957,Joan of Arc,Historical,White,No,Female
Salomes Last Dance,1988,Oscar Wilde,Author,White,No,Male
Santa Fe Trail,1940,John Brown ,Other,White,No,Male
Saving Mr Banks,2013,PL Travers,Author,White,No,Female
Saving Mr Banks,2013,Walt Disney,Other,White,No,Male
Schindlers List,1993,Oskar Schindler,Other,White,No,Male
Scott of the Antarctic,1948,Robert Falcon Scott,Other,White,No,Male
Selena,1997,Selena Quintanilla Perez,Singer,Hispanic,Yes,Female
Selma,2014,Martin Luther King Jr,Activist,Black,Yes,Male
Sergeant York,1941,Alvin C York,Military,White,No,Male
Serpico,1973,Frank Serpico,Other,White,No,Male
Set Fire to the Stars,2014,Dylan Thomas,Author,White,No,Male
Seven Years in Tibet,1997,Heinrich Harrer,Other,White,No,Male
Shadowlands,1993,CS Lewis,Author,White,No,Male
Shadowlands,1993,Joy Gresham,Author,White,No,Female
Sister Kenny,1946,Elizabeth Kenny,Medicine,White,No,Female
Skin,2008,Sandra Laing,Other,Black,Yes,Female
Somebody Up There Likes Me,1956,Rocky Graziano,Athlete,White,No,Male
Son of God,2014,Jesus,Historical,Middle Eastern,No,Male
Spitfire,1942,R J Mitchell,Military,White,No,Male
Squanto  A Warriors Tale,1994,Squanto,Historical,Native American,Yes,Male
Stander,2003,Andre Stander,Other,White,No,Male
Star 80,1983,Dorothy Stratten,Actress,White,No,Female
Star!,1968,Gertrude Lawrence,Actress,White,No,Female
Stars and Stripes Forever,1952,John Philip Sousa,Musician,White,No,Male
Steal This Movie,2000,Abbie Hoffman,Activist,White,No,Male
Stealing Sinatra,2003,Frank Sinatra Jr,Other,White,No,Male
Stoned,2005,Brian Jones,Musician,White,No,Male
Strauss Great Waltz,1934,Johann Strauss I,Musician,White,No,Male
Strauss Great Waltz,1934,Johann Strauss II,Musician,White,No,Male
Sunrise at Campobello,1960,Franklin Roosevelt,Government,White,No,Male
Surviving Picasso,1996,Francoise Gilot,Artist,White,No,Female
Sweet Dreams,1985,Patsy Cline,Singer,White,No,Female
Swoon,1992,Nathan Leopold Jr,Criminal,White,No,Male
Swoon,1992,Richard Loeb,Criminal,White,No,Male
Sylvia,2003,Sylvia Plath,Author,White,No,Female
Sylvia,2003,Ted Hughes,Author,White,No,Male
Talk to Me,2007,Ralph Greene,Activist,Black,Yes,Male
Ted Bundy,2002,Ted Bundy,Criminal,White,No,Male
Telstar  The Joe Meek Story,2008,Joe Meek,Musician,White,No,Male
The Adventures of Marco Polo,1938,Marco Polo,Historical,White,No,Male
The Adventures of Mark Twain,1944,Samuel Clemens,Author,White,No,Male
The Assassination of Jesse James by the Coward Robert Ford,2007,Jesse James ,Criminal,White,No,Male
The Assassination of Trotsky,1972,Leon Trotsky,Activist,White,No,Male
The Babe,1992,Babe Ruth,Athlete,White,No,Male
The Babe Ruth Story,1948,Babe Ruth,Athlete,White,No,Male
The Bang Bang Club,2010,Joao Silva,Media,White,No,Male
The Bang Bang Club,2010,Kevin Carter,Media,White,No,Male
The Barretts of Wimpole Street,1934,Elizabeth Barrett,Author,Mutliracial,No,Female
The Barretts of Wimpole Street,1934,Robert Browning,Author,Mutliracial,No,Male
The Basketball Diaries,1995,Jim Carroll,Author,White,No,Male
The Benny Goodman Story,1956,Benny Goodman,Musician,White,No,Male
The Better Angels,2014,Abraham Lincoln,Government,White,No,Male
The Blind Side,2009,Michael Oher,Athlete,Black,Yes,Male
The Boy in Blue,1986,Ned Hanlan,Athlete,White,No,Male
The Brittany Murphy Story,2014,Brittany Murphy,Actress,White,No,Female
The Buddy Holly Story,1978,Buddy Holly,Singer,Mutliracial,No,Male
The Chameleon,2010,Frederic Fortin,Criminal,Mutliracial,Yes,Male
The Color of Freedom,2007,James Gregory,Other,White,No,Male
The Conqueror,1956,Genghis Khan,Military,Asian,Yes,Male
The Countess,2009,Erzebet Bathory,Historical,White,No,Female
The CourtMartial of Billy Mitchell,1955,Billy Mitchell,Military,White,No,Male
The Desert Fox  The Story of Rommel,1951,Erwin Rommel,Military,White,No,Male
The Diary of Anne Frank,1959,Anne Frank,Other,White,No,Female
The Diving Bell and the Butterfly,2007,JeanDominique Bauby,Media,White,No,Male
The Doors,1991,Jim Morrison,Singer,White,No,Male
The Duchess,2008,Georgiana Cavendish,Other,White,No,Female
The Edge of Love,2008,Dylan Thomas,Author,White,No,Male
The Elephant Man,1980,Joseph Merrick ,Other,White,No,Male
The Express,2008,Ernie Davis,Athlete,Black,Yes,Male
The Fifth Estate,2013,Julian Assange,Other,White,No,Male
The Fighter,2010,Micky Ward,Athlete,White,No,Male
The First Grader,2010,Kimani Nganga Maruge,Other,Black,Yes,Male
The Frozen Ground,2013,Robert Hansen,Criminal,White,No,Male
The Gallant Hours,1960,William F Bull Halsey Jr,Military,White,No,Male
The Gaul,2001,Vercingetorix,Historical,White,No,Male
The General,1998,Martin Cahill,Criminal,White,No,Male
The Girl in the Red Velvet Swing,1955,Evelyn Nesbit,Actress,White,No,Female
The Glenn Miller Story,1954,Glenn Miller,Musician,White,No,Male
The Great Caruso,1951,Enrico Caruso,Musician,White,No,Male
The Great Debaters,2007,Melvin Tolson,Academic,Black,Yes,Male
The Great Waltz,1938,Johann Strauss II,Musician,White,No,Male
The Great Ziegfeld,1936,Florenz Ziegfeld,Musician,White,No,Male
The Greatest,1977,Muhammad Ali,Athlete,Black,Yes,Male
The Greatest Story Ever Told,1965,Jesus,Historical,Middle Eastern,No,Male
The Happy Hooker,1975,Xaviera Hollander,Other,White,No,Female
The House of Rothschild,1934,Mayer Rothschild,Other,White,No,Male
The Hurricane,1999,Rubin Carter,Athlete,Black,Yes,Male
The Iceman,2012,Richard Kuklinski,Criminal,White,No,Male
The Imitation Game,2014,Alan Turing,Academic,White,No,Male
The Inn of the Sixth Happiness,1958,Gladys Aylward,Other,White,No,Female
The Invisible Woman,2013,Charles Dickens,Author,White,No,Male
The Iron Lady,2011,Margaret Thatcher,Government,White,No,Female
The Jackie Robinson Story,1950,Jackie Robinson,Athlete,Black,Yes,Male
The Jesus Film,1979,Jesus,Historical,Middle Eastern,No,Male
The Jolson Story,1946,Al Jolson,Musician,White,No,Male
The King and I,1956,Anna Leonowens,Other,Mutliracial,No,Female
The King of Kings,1927,Jesus,Historical,Middle Eastern,No,Male
The Kings Speech,2010,King George VI,Historical,White,No,Male
The Krays,1990,Reginald Kray,Criminal,Mutliracial,No,Male
The Krays,1990,Ronald Kray,Criminal,Mutliracial,No,Male
The Lady,2011,Aung San Suu Kyi,Activist,Asian,Yes,Female
The Last Emperor,1987,Henry Pu Yi,Government,Asian,Yes,Male
The Last King of Scotland,2006,Idi Amin,Other,Black,Yes,Male
The Last of Robin Hood,2013,Errol Flynn,Actor,White,No,Male
The Last Station,2009,Leo Tolstoy,Author,White,No,Male
The Left Handed Gun,1958,(Billy the Kid,Criminal,White,No,Male
The Life and Death of Peter Sellers,2004,Peter Sellers,Actor,White,No,Male
The Life of Emile Zola,1937,Emile Zola,Author,White,No,Male
The Long Day Closes,1992,Terence Davies,Other,White,No,Male
The Long Gray Line,1955,Marty Maher,Military,White,No,Male
The Longshots,2008,Jasmine Plummer,Athlete,Black,Yes,Female
The Lover,1992,Marguerite Duras,Other,White,No,Female
The Madness of King George,1994,George III of UK,Historical,White,No,Male
The Man Who Saw Tomorrow,1981,Michel de Nostredame,Academic,White,No,Male
The Message,1977,Muhammad,Historical,Middle Eastern,Yes,Male
The Miracle Maker,2000,Jesus,Historical,Middle Eastern,No,Male
The Miracle Worker,1962,Helen Keller,Other,White,No,Female
The Miracle Worker,1962,Annie Sullivan,Other,White,No,Female
The Motorcycle Diaries,2004,Che Guevara,Activist,Hispanic,No,Male
The Music Lovers,1970,Peter Ilych Tchaikovsky,Musician,White,No,Male
The New World,2005,Pocahontas,Historical,Native American,Yes,Female
The Night We Called It a Day,2003,Frank Sinatra,Singer,White,No,Male
The Notorious Bettie Page,2005,Bettie Page,Other,Mutliracial,No,Female
The Other Boleyn Girl,2008,Anne Boleyn,Historical,White,No,Female
The Other Boleyn Girl,2008,Mary Boleyn,Historical,White,No,Female
The People vs Larry Flynt,1996,Larry Flynt,Activist,White,No,Male
The Pianist,2002,Wladyslaw Szpilman,Musician,White,No,Male
The Pistol  The Birth of a Legend,1991,Pete Maravich,Athlete,White,No,Male
The Plainsman,1936,Wild Bill Hickok,Historical,White,No,Male
The Pride of the Yankees,1942,Lou Gehrig,Athlete,White,No,Male
The Prince of Egypt,1998,Moses,Historical,Middle Eastern,No,Male
The Prince of Egypt,1998,Ramses,Historical,Middle Eastern,No,Male
The Prisoner of Shark Island,1936,Samuel Mudd,Medicine,White,No,Male
The Private Life of Henry VIII,1933,Henry VIII,Historical,White,No,Male
The Private Lives of Elizabeth and Essex,1939,Elizabeth I of England,Historical,White,No,Female
The Private Lives of Elizabeth and Essex,1939,Robert Devereux 2nd Earl of Essex,Historical,White,No,Male
The Pursuit of Happyness,2006,Christopher Gardner,Other,Black,Yes,Male
The Queen,2006,Queen Elizabeth II,Historical,White,No,Female
The Red Baron,2008,Baron Manfred von Richthofen,Military,White,No,Male
The Rocket  The Legend of Rocket Richard,2005,Maurice The Rocket Richard,Athlete,White,No,Male
The Runaways,2010,Joan Jett,Musician,White,No,Female
The Seven Little Foys,1955,Eddie Foy Sr,Actor,White,No,Male
The Singing Nun,1966,Jeanne Deckers ,Musician,White,No,Female
The Soloist,2009,Nathaniel Ayers,Musician,Black,Yes,Male
The Song of Bernadette,1943,Saint Bernadette Soubirous,Other,White,No,Female
The Soul Keeper,2002,Carl Gustav Jung,Academic,White,No,Male
The Soul Keeper,2002,Sabina Spielrein,Academic,White,No,Female
The Sound of Music,1965,Maria von Trapp,Singer,White,No,Female
The Spirit of St Louis,1957,Charles Slim Lindbergh,Other,White,No,Male
The Story of Alexander Graham Bell,1939,Alexander Graham Bell,Academic,White,No,Male
The Story of Louis Pasteur,1936,Louis Pasteur,Academic,White,No,Male
The Ten Commandments,1956,Moses,Historical,Middle Eastern,No,Male
The Theory of Everything,2014,Steven Hawking,Academic,White,No,Male
The Toast of New York,1937,James Fisk,Criminal,White,No,Male
The Trials of Oscar Wilde,1960,Oscar Wilde,Author,White,No,Male
The True Story of Jesse James,1957,Jesse James,Criminal,White,No,Male
The Unsinkable Molly Brown,1964,Molly Brown,Other,White,No,Female
The Visual Bible  The Gospel of John,2003,Jesus,Historical,Middle Eastern,No,Male
The Whistleblower,2010,Kathryn Bolkovac,Other,White,No,Female
The Whole Wide World,1996,Novalyne Price ,Author,Mutliracial,No,Female
The Whole Wide World,1996,Robert Howard,Author,White,No,Male
The Winning Team,1952,Grover Cleveland Alexander,Athlete,White,No,Male
The Wonderful World of the Brothers Grimm,1961,Jacob Grimm,Author,White,No,Male
The Wonderful World of the Brothers Grimm,1961,Wilhelm Grimm,Author,White,No,Male
The Worlds Fastest Indian,2005,Herbert James Burt Munro,Athlete,White,No,Male
The Young Victoria,2009,Victoria,Historical,White,No,Female
They Died with Their Boots On,1941,George Armstrong Custer,Military,White,No,Male
Thirteen,2003,Nikki Reed,Other,White,No,Female
Thirty Two Short Films About Glenn Gould,1993,Glenn Gould,Musician,White,No,Male
This Is Elvis,1981,Elvis Presley,Musician,White,No,Male
Thomas Kinkades Christmas Cottage,2008,Thomas Kinkade,Artist,White,No,Male
Three Little Words,1950,Bert Kalmar,Musician,White,No,Male
Three Little Words,1950,Harry Ruby,Musician,White,No,Male
Till the Clouds Roll By,1946,Jerome Kern,Musician,White,No,Male
To Hell and Back,1955,Audie Murphy,Military,White,No,Male
To Kill a King,2003,Oliver Cromwell,Historical,White,No,Male
To Kill a King,2003,Thomas Fairfax,Historical,White,No,Male
Tom and Viv,1994,TS Eliot,Author,White,No,Male
Tom and Viv,1994,Vivienne HaighWood,Author,White,No,Female
TopsyTurvy,1999,William Schwenck Gilbert,Author,White,No,Male
TopsyTurvy,1999,Arthur Sullivan,Musician,White,No,Male
Triumph of the Spirit,1989,Salamo Arouch,Athlete,White,No,Male
Unbroken,2014,Louis Zamperini,Athlete,White,No,Male
Valentino,1977,Rudolph Valentino,Actor,White,No,Male
Vatel,2000,FranÌ¤ois Vatel,Other,White,No,Male
Veronica Guerin,2003,Veronica Guerin,Media,White,No,Female
Vincent and Theo,1990,Vincent Van Gogh,Artist,White,No,Male
Vincent and Theo,1990,Theo van Gogh,Other,White,No,Male
VIPs,2010,Marcelo Nascimento da Rocha,Criminal,White,No,Male
Viva Knievel!,1977,Evel Knievel,Athlete,White,No,Male
Viva Villa!,1934,Pancho Villa,Military,Hispanic,Yes,Male
Viva Zapata!,1952,Emiliano Zapata,Activist,Hispanic,Yes,Male
Von Richthofen and Brown,1971,Manfred von Richtofen,Military,White,No,Male
Von Richthofen and Brown,1971,Roy Brown,Military,White,No,Male
W,2008,George W Bush,Government,White,No,Male
Walk the Line,2005,Johnny Cash,Musician,White,No,Male
Walker,1987,William Walker,Other,White,No,Male
Whats Love Got to Do with It,1993,Tina Turner,Singer,Mutliracial,Yes,Female
When Did You Last See Your Father,2007,Blake Morrison,Other,White,No,Male
Why Do Fools Fall in Love,1998,Frankie Lymon,Musician,Black,Yes,Male
Wild Bill,1995,Wild Bill Hickok,Historical,White,No,Male
Wilde,1997,Oscar Wilde,Author,White,No,Male
Wilson,1944,Woodrow Wilson,Government,White,No,Male
Winnie Mandela,2011,Winnie Mandela,Government,Black,Yes,Female
Without Limits,1998,Steve Prefontaine,Athlete,White,No,Male
Wittgenstein,1993,Ludwig Wittgenstein,Academic,White,No,Male
Words and Music,1948,Lorenz Hart,Musician,White,No,Male
Words and Music,1948,Richard Rogers,Musician,White,No,Male
Wyatt Earp,1994,Wyatt Earp ,Other,White,No,Male
Yankee Doodle Dandy,1942,George M Cohan,Musician,White,No,Male
Young Bess,1953,Elizabeth I,Historical,White,No,Female
Young Cassidy,1965,Sean OCasey,Author,White,No,Male
Young Man with a Horn,1950,Bix Beiderbecke,Musician,White,No,Male
Young Mr Lincoln,1939,Abraham Lincoln,Government,White,No,Male
Young Tom Edison,1940,Thomas Edison,Other,White,No,Male
Young Winston,1972,Winston Churchill,Government,White,No,Male